"MainID","R2abund","R2gr","modelform","E","tau","theta","LEmean","LEmin","LEmin_mo","LEmin_gen","LEclass","LEmean1d","LEmin1d","LEclass1d","LLE_proppos","LEreg","LEreg_se","LEregmin","LEsibly"
1,0.397004947860806,0.191558987601628,"gr-ut",5,1,0,-0.117292162397477,-0.137900304726849,-0.0114916920605707,-0.114916920605707,"not chaotic",-1.36166235027133,-1.44547651875026,"not chaotic",0.44,0.149031573565263,0.0136631132734595,0.122251871549283,-0.805745863307038
56,0.439738700516935,0.060085630375598,"gr-ut",1,1,0,-0.396767721932903,-0.400420656315262,-0.0333683880262719,-1.20126196894579,"not chaotic",-0.396767721932903,-0.400420656315262,"not chaotic",0,0.407033527719619,0.167462757195672,0.0788065236161014,-0.391699384668072
57,0.522411675686906,0.390850619485603,"fd-ut",3,2,2,-0.0945206744068174,-0.111699440302557,-0.00930828669187975,-0.111699440302557,"not chaotic",-0.244234960997642,-0.300542740372566,"not chaotic",0.135135135135135,0.222021437089401,0.0664180508869447,0.0918420573509894,-0.524294768612732
58,0.706209637725555,0.0477277025694058,"fd-ut",1,1,1,-0.179794785301303,-0.186304353357716,-0.0155253627798096,-0.186304353357716,"not chaotic",-0.179794785301303,-0.186304353357716,"not chaotic",0.152173913043478,0.448980030888398,0.120861143338275,0.212092189945379,-0.157667060154887
59,0.946216394404167,0.644306519979755,"fd-ut",2,2,8,0.131119656434277,0.121193223816791,0.0100994353180659,0.121193223816791,"chaotic",-0.035341120060023,-0.0378545903377937,"not chaotic",0.609756097560976,0.192402911799551,0.049296469939056,0.0957818307190013,-0.0267159204769133
60,0.956996036239759,-0.0492469919164786,"gr-ut",1,1,0,-0.000261202531439718,-0.00925479125866707,-0.000771232604888923,-0.00771232604888923,"not chaotic",-0.000261202531439718,-0.00925479125866707,"not chaotic",0.717391304347826,0.257450063834872,0.149470986391481,-0.035513069492431,-0.0332482790753862
61,0.687699915001084,0.291881182977902,"gr-log",2,1,4,-0.233957672667827,-0.257173336051617,-0.0214311113376347,-0.257173336051617,"not chaotic",-0.215623216769861,-0.218101685623661,"not chaotic",0.363636363636364,0.352003943192667,0.0464147899064592,0.261030954976007,-0.139784052824187
64,0.176917725240958,0.143268028089875,"fd-ut",1,1,0,-0.642896318600035,-0.646316593744251,-0.0538597161453543,-1.2926331874885,"not chaotic",-0.642896318600035,-0.646316593744251,"not chaotic",0,0.12639532189653,0.0807377931581631,-0.03185075269347,-0.78018158130313
65,0.836389212754554,0.121646171955619,"gr-log",3,1,8,0.0719792459263465,0.0568413222727076,0.00473677685605897,0.0568413222727076,"chaotic",-0.042892167745347,-0.0496416543260104,"not chaotic",0.642857142857143,0.170814828218138,0.00997519300320857,0.15126344993185,-0.111801720141137
1150,0.0342922453787332,0.503714048211688,"fd-ut",1,3,1.5,-0.560793948409845,-0.588436278908132,-0.0490363565756777,-0.294218139454066,"not chaotic",-0.560793948409845,-0.588436278908132,"not chaotic",0.024390243902439,NA,NA,NA,-2.08239688418904
1153,0.709459091914868,0.107486791330709,"gr-log",1,1,1.5,-0.256493566513766,-0.275717553512243,-0.0229764627926869,-0.229764627926869,"not chaotic",-0.256493566513766,-0.275717553512243,"not chaotic",0.13953488372093,0.201510279426575,0.0830511729475855,0.0387299804493076,-0.0981683574226865
1154,0.315841448488658,0.17347171009157,"gr-ut",3,1,1.5,-0.321772094756251,-0.343816713452764,-0.0286513927877304,-0.286513927877304,"not chaotic",-0.593215973064418,-0.626657962006162,"not chaotic",0.222222222222222,0.122976831425824,0.00916095995212511,0.105021349919659,-0.667874757264073
1155,0.742165038579165,0.469045572343906,"fd-ut",3,2,4,0.179137440138628,0.156484536594718,0.0130403780495598,0.156484536594718,"chaotic",-0.147273959437741,-0.147525581062032,"not chaotic",0.794117647058823,0.0608267673699964,0.0247850126145437,0.0122481426454908,-0.0946216588387911
1157,0.0451459751574329,0.481076001316791,"gr-ut",1,1,0.75,-1.20202053168891,-1.22995769897964,-0.10249647491497,-1.0249647491497,"not chaotic",-1.20202053168891,-1.22995769897964,"not chaotic",0.0465116279069767,0.072655481781297,0.0131838586779796,0.046815118772457,-1.18941518636296
1158,0.299209537951342,0.322292202294401,"fd-ut",1,1,1.5,-0.739819376047921,-0.785842049730213,-0.0654868374775177,-0.785842049730213,"not chaotic",-0.739819376047921,-0.785842049730213,"not chaotic",0.119047619047619,0.125805037930188,0.0449793699778716,0.0376454727735597,-0.894110902563019
1159,0.356524732407548,0.255475520910395,"gr-log",5,1,0,-0.115041410023798,-0.128333262869963,-0.0106944385724969,-0.128333262869963,"not chaotic",-0.691795306415377,-0.695869253519556,"not chaotic",0.0909090909090909,0.203102972114751,0.0203842194210865,0.163149902049421,-0.650637031171505
1161,0.865997106740468,-0.372634854260857,"fd-ut",5,1,0,-0.136176323098773,-0.145507449949994,-0.0121256208291661,-0.291014899899987,"not chaotic",-0.16053688254915,-0.16164255017042,"not chaotic",0,-0.0152465932038805,0.0054791567158269,-0.0259857403669012,-0.0494071916351736
1162,0.169199670759785,0.140010809384482,"fd-ut",1,1,0,-0.641808313281149,-0.644059372226736,-0.053671614352228,-0.644059372226736,"not chaotic",-0.641808313281149,-0.644059372226736,"not chaotic",0,0.2508239694308,0.103380410710857,0.0481983644375208,-0.656664764089314
1163,0.598502961331306,0.105470742768655,"fd-ut",1,1,0.5,-0.160094600929913,-0.162606430145972,-0.0135505358454976,-0.135505358454976,"not chaotic",-0.160094600929913,-0.162606430145972,"not chaotic",0,0.354114503712778,0.212446210292667,-0.06228006846085,-0.24608736099181
1166,0.558161844281137,0.117661991791172,"fd-ut",1,1,0,-0.258901783150713,-0.26020341978746,-0.0216836183156217,-0.216836183156217,"not chaotic",-0.258901783150713,-0.26020341978746,"not chaotic",0,0.421482743111919,0.163065959883053,0.101873461741135,-0.380385507047425
1169,0.231126682320779,0.352258028880849,"fd-ut",2,1,1.5,-0.408870816376015,-0.444720660434755,-0.0370600550362296,-0.444720660434755,"not chaotic",-0.194738685131147,-0.195692948602427,"not chaotic",0,0.226585197851022,0.0447792657452188,0.138817836990393,-1.06207516222408
1170,0.272570350108613,0.17588074981269,"fd-ut",1,1,0,-0.594653676443281,-0.597456604354775,-0.0497880503628979,-0.597456604354775,"not chaotic",-0.594653676443281,-0.597456604354775,"not chaotic",0,0.325843006904335,0.0925492206334448,0.144446534462784,-0.487931631268514
1173,0.196078962148643,0.573416448773279,"gr-log",3,2,6,0.145996190069426,0.115513958104988,0.0096261631754157,0.096261631754157,"chaotic",-0.0756872514784141,-0.0994969498110512,"not chaotic",0.666666666666667,0.161286933741995,0.193318730070423,-0.217617777196034,-0.629415005734824
1176,0.413094689441697,0.0997226524864488,"fd-ut",1,1,0,-0.374290250104359,-0.374624010073583,-0.0312186675061319,-0.312186675061319,"not chaotic",-0.374290250104359,-0.374624010073583,"not chaotic",0,0.051168519745894,0.0738572618930566,-0.0935917135644968,-0.390739371528406
1178,0.287949566135625,0.104116271147975,"gr-log",1,1,0.1,-0.482435551162166,-0.492287311416849,-0.0410239426180707,-0.492287311416849,"not chaotic",-0.482435551162166,-0.492287311416849,"not chaotic",0.0851063829787234,0.077152277970027,0.0202636718321122,0.0374354811790871,-0.573474490574123
1179,0.379670719351022,0.107239248167667,"gr-log",2,1,0,-0.222151756555676,-0.228875629259175,-0.0190729691049313,-0.190729691049313,"not chaotic",-0.438051984994324,-0.447649511274014,"not chaotic",0.0232558139534884,0.31142400785762,0.0929260460495314,0.129288957600539,-0.42786968472343
1180,0.32120147804814,0.278646972614145,"fd-ut",3,1,2,-0.2843010901514,-0.314893595282901,-0.0262411329402418,-0.314893595282901,"not chaotic",-0.508206515954416,-0.519627727695673,"not chaotic",0.333333333333333,0.343393248325951,0.0486144771950607,0.248108873023632,-0.439504444156
1181,0.532744859604433,0.694332829290892,"gr-ut",2,1,6,0.544011646567165,0.511844966019909,0.0426537471683257,1.02368993203982,"chaotic",-0.29201101435017,-0.349649887256142,"not chaotic",0.813953488372093,0.165993681031114,0.143136203127822,-0.114553277099417,-0.146266366352794
1182,0.497204141417475,0.175283453994536,"fd-ut",4,1,0,-0.039995345909298,-0.0463797780584442,-0.00386498150487035,-0.0463797780584442,"not chaotic",-0.482142761843494,-0.484832514493195,"not chaotic",0.0333333333333333,0.167289106773246,0.0262930561782966,0.115754716663785,-0.314272038796335
1183,0.0194353281361077,0.575718730323751,"fd-ut",1,4,0.75,-0.593666991387499,-0.60870066016233,-0.0507250550135275,-0.60870066016233,"not chaotic",-0.593666991387499,-0.60870066016233,"not chaotic",0,NA,NA,NA,-2.2894130259244
1184,0.0547396285503631,0.670876107691452,"gr-ut",2,3,0,-0.198778656325465,-0.211752910475588,-0.0176460758729656,-0.176460758729656,"not chaotic",-0.220052453702366,-0.230636166871994,"not chaotic",0.0810810810810811,0.146066490774252,0.157333339416294,-0.162306854481684,-4.13991249204162
1187,0.379500160118892,0.352483246896556,"fd-ut",1,1,0,-0.6687610219906,-0.669564792129605,-0.0557970660108004,-0.669564792129605,"not chaotic",-0.6687610219906,-0.669564792129605,"not chaotic",0,-0.113366718278645,0.0330833299621256,-0.178210045004411,-1.03980263764027
1188,0.102101552226147,0.764622251218698,"gr-log",1,5,8,0.0914950477732259,0.0618509762852949,0.00515424802377458,0.0618509762852949,"chaotic",0.0914950477732259,0.0618509762852949,"chaotic",0.581395348837209,0.311069491902589,0.143284381893987,0.0302321033903746,-1.63442063787769
1189,0.0786877948998336,0.696705148829908,"fd-ut",1,5,3,-0.0887765811619372,-0.101347327197102,-0.00844561059975853,-0.0844561059975853,"not chaotic",-0.0887765811619372,-0.101347327197102,"not chaotic",0.534883720930233,0.454257418661469,0.23084536294359,0.00180050729203329,-1.69319892791049
1211,0.14854900994721,0.650708046955201,"fd-ut",1,3,1.5,-0.257851785812492,-0.271086271779746,-0.0225905226483122,-0.271086271779746,"not chaotic",-0.257851785812492,-0.271086271779746,"not chaotic",0.148148148148148,0.112954184985764,0.0432360585291147,0.028211510268699,-3.16735278782178
1213,0.311778544539102,0.190457144101077,"fd-ut",2,1,0.75,-0.526695338039564,-0.532312081487581,-0.0443593401239651,-0.443593401239651,"not chaotic",-0.401462815410456,-0.403260465952021,"not chaotic",0.0465116279069767,0.213764212181218,0.0388510206759859,0.137616211656285,-0.660561036416472
1347,0.966462902470336,-0.0772443455054841,"gr-log",1,1,0,0.0171831517885134,0.0162418324739351,0.0013534860394946,0.0649673298957406,"chaotic",0.0171831517885134,0.0162418324739351,"chaotic",0.914893617021277,0.370910554864217,0.117032766063357,0.141526333380037,-0.0206786089710585
1869,0.0992648590299811,0.392218403209213,"gr-ut",1,2,0,-0.172822559364418,-0.21064680427908,-0.01755390035659,-0.31597020641862,"not chaotic",-0.172822559364418,-0.21064680427908,"not chaotic",0.261904761904762,0.566378327680342,0.313641705273213,-0.0483594146551545,-1.60607726343856
2721,0.478954174167594,0.277855306611755,"fd-ut",5,1,0.75,-0.0809372860641697,-0.0854934710023896,-0.0071244559168658,-0.0854934710023896,"not chaotic",-0.446305442047872,-0.446490111143712,"not chaotic",0,0.230889485495641,0.00747764889628358,0.216233293658925,-0.452571980567072
2722,0.849096766130091,0.680776860224144,"gr-ut",5,1,3,0.0386724254040217,0.015539567942057,0.00129496399517142,0.0129496399517142,"chaotic",-0.0194786796867789,-0.0328390031659696,"not chaotic",0.538461538461538,0.164474410721828,0.0121733369896826,0.14061467022205,-0.286354344702852
2726,0.373875111037911,0.0438395398326826,"gr-ut",1,1,0,-0.448452477801519,-0.460592730651624,-0.038382727554302,-0.38382727554302,"not chaotic",-0.448452477801519,-0.460592730651624,"not chaotic",0.111111111111111,0.395284514058213,0.210887909057119,-0.0180557876937399,-0.306310383879823
2759,0.197113225107962,0.452686638815227,"fd-ut",4,1,0,-0.166317505783024,-0.167730175639998,-0.0139775146366665,-0.335460351279997,"not chaotic",-0.244913505841084,-0.245768473237498,"not chaotic",0,0.266853956373446,0.010401886909831,0.246466258030177,-1.120184167443
2770,0.227103935792558,0.714831095988856,"gr-log",1,4,3,-0.000333197343085495,-0.0128270133569677,-0.00106891777974731,-0.0106891777974731,"not chaotic",-0.000333197343085495,-0.0128270133569677,"not chaotic",0.482758620689655,0.177312303882379,0.111124557545309,-0.040491828906427,-1.18296648554012
2771,0.503238912016041,0.198469591828136,"gr-ut",2,1,2,-0.33187980398099,-0.362220188136921,-0.0301850156780767,-0.301850156780767,"not chaotic",-0.373971926692546,-0.415655806998317,"not chaotic",0.193548387096774,0.237767087613357,0.133255858328974,-0.0234143947114323,-0.265323017405537
2772,0.685465940647836,-0.00264240101839652,"gr-ut",1,1,0,-0.221561268029097,-0.236803574660882,-0.0197336312217402,-0.236803574660882,"not chaotic",-0.221561268029097,-0.236803574660882,"not chaotic",0.181818181818182,0.251878387305687,0.0738915785471933,0.107050893353188,-0.15306076070572
2773,0.23668036150776,0.000571813015567302,"fd-ut",1,1,0,-0.439403296422279,-0.455402392393602,-0.0379501993661335,-1.36620717718081,"not chaotic",-0.439403296422279,-0.455402392393602,"not chaotic",0,0.367792528089571,0.141256915735334,0.0909289732483164,-0.604918952203329
2775,0.890109348509663,-0.134593992958342,"gr-log",1,1,0,0.00256544664863118,-0.0070685861322045,-0.000589048844350375,-0.0070685861322045,"not chaotic",0.00256544664863118,-0.0070685861322045,"not chaotic",0.6875,0.241251376658234,0.0680677350547826,0.10783861595086,-0.0480434180562922
2777,0.162787403871651,0.375915730249215,"gr-log",2,1,1.5,-0.47624726187266,-0.664599832481984,-0.0553833193734987,-1.32919966496397,"not chaotic",-0.87704010431174,-0.902877005320768,"not chaotic",0,0.226717310381759,0.0869736811958741,0.0562488952378456,-0.848388354729274
5019,0.673079628738786,0.658502917732031,"fd-ut",3,3,4,-0.00606243954147435,-0.0184904457849925,-0.00154087048208271,-0.0462261144624812,"not chaotic",-0.355639966369627,-0.356347522865018,"not chaotic",0.486486486486487,0.152965414582392,0.147599131613024,-0.136328883379136,-0.467071861802756
5020,0.75675006479251,0.201622930973774,"gr-ut",1,1,0,-0.386243283010047,-0.447252389122168,-0.0372710324268473,-1.11813097280542,"not chaotic",-0.386243283010047,-0.447252389122168,"not chaotic",0.0909090909090909,0.202608196944534,0.11300034582847,-0.018872480879268,-0.558314098683044
5021,0.440291682702457,0.210923831556943,"gr-log",4,1,1,-0.116054966544064,-0.216689871895291,-0.0180574893246075,-0.000541724679738226,"not chaotic",-0.246255217139364,-0.267819041116639,"not chaotic",0.181818181818182,0.274880785549652,0.0252857393644857,0.22532073639526,-0.675583258845092
5037,0.162591028566465,0.595745546196743,"gr-log",3,1,2,-0.233246699167856,-0.274092272289407,-0.0228410226907839,-0.41113840843411,"not chaotic",-0.845726237602867,-0.879940513973404,"not chaotic",0.333333333333333,0.365911584903708,0.0367307846826188,0.293919246925775,-2.32316232617868
5039,0.109635994608849,0.486885915124805,"fd-ut",3,2,3,0.0520834505377138,0.0366375415930018,0.00305312846608348,0.0732750831860035,"chaotic",-0.192726114445805,-0.262359285959179,"not chaotic",0.744186046511628,0.2416430052049,0.192585445882715,-0.135824468725222,-1.23182785405663
6633,0.926829423563209,0.703778816169332,"gr-ut",2,2,3,-0.0673396368992747,-0.082980895933723,-0.00691507466114358,-0.082980895933723,"not chaotic",-0.307151681444192,-0.344656396058398,"not chaotic",0.28125,0.2173859245085,0.103068379455484,0.01537190077575,-0.115553259687018
6635,0.161989250696822,0.301080800930893,"gr-log",3,1,0,-0.361603643842666,-0.385499820569765,-0.385499820569765,-4.62599784683718,"not chaotic",-0.804739856385147,-0.810294080128553,"not chaotic",0.0108695652173913,0.272150929904465,0.0719431149275171,0.131142424646531,-1.04115116306829
5040,0.463953717244099,0.603759444911871,"gr-ut",3,1,3,-0.0182960864439828,-0.0576676253200771,-0.00480563544333976,-0.115335250640154,"not chaotic",-0.017922014635662,-0.0418745386601889,"not chaotic",0.555555555555556,0.414601587008802,0.0660968957844632,0.285051671271255,-2.47321388828396
5043,-0.0513765453399115,0.494310675345392,"fd-ut",1,5,0,-0.411106778482899,-0.414169889164285,-0.0345141574303571,-0.828339778328571,"not chaotic",-0.411106778482899,-0.414169889164285,"not chaotic",0,0.208230206720979,0.0945706163180273,0.0228717987376454,-1.57070617808446
5044,0.471654982025117,0.12495139304849,"fd-ut",1,1,0,-0.26666476164253,-0.266814116088868,-0.0222345096740723,-0.533628232177736,"not chaotic",-0.26666476164253,-0.266814116088868,"not chaotic",0,0.770450575072843,0.22401034410559,0.331390300625886,-0.730868868993467
6104,0.246084762375368,0.644553107224996,"fd-ut",4,6,1,0.0533874568933079,0.0482647384722449,0.0482647384722449,0.00118200344518528,"chaotic",0.654445608406599,0.653683304033482,"chaotic",0.840277777777778,0.58143676668755,0.238647618522321,0.1136874343838,-0.707983021782472
6105,0.642197109941843,0.835662655339795,"fd-ut",2,3,8,0.291725151991805,0.275285096294315,0.275285096294315,0.00852557943223495,"chaotic",0.256971940580533,0.24564172475853,"chaotic",0.845679012345679,0.589788271752619,0.430371403341732,-0.253739678797176,-0.813733186586435
6106,0.139675302002415,0.564500331039646,"gr-log",4,6,8,0.213542267649902,0.193364741863761,0.193364741863761,0.00392530425983434,"chaotic",-0.716946353769621,-0.732755662399246,"not chaotic",0.847222222222222,0.598945299839325,0.304661027391922,0.00180968615115862,-0.753739794572992
6107,0.13276805186653,0.655442661397538,"gr-log",2,4,8,0.203308380254353,0.132113978591235,0.132113978591235,0.00293293032472541,"chaotic",-0.667043558001754,-0.695881690734062,"not chaotic",0.6625,0.555538553305381,0.525328655748139,-0.474105611960972,-0.70260826526936
6109,0.265593287153816,0.585861520048951,"gr-log",3,1,4,0.718471915636884,0.684759469866138,0.684759469866138,0.0174613664815865,"chaotic",-0.517059855464072,-0.534919494810614,"not chaotic",0.636363636363636,0.759510665614168,0.149945077146387,0.465618314407249,-0.49391933124873
6110,0.0455360431976601,0.532745901080389,"fd-ut",5,3,8,0.293452537306721,0.273777781634053,0.273777781634053,0.00684444454085133,"chaotic",-1.48868213510858,-1.4887817282227,"not chaotic",0.980392156862745,0.397279491266878,0.480178716748719,-0.54387079356061,-0.523290552066081
6111,0.688747103700763,0.581304363062407,"gr-log",6,1,3,0.599075019276562,0.575364494910471,0.575364494910471,0.0159951329585111,"chaotic",-0.556165601587348,-0.568130032052928,"not chaotic",0.777777777777778,0.484051426951565,0.0663357759099999,0.354033306167965,-0.52985903014056
6112,0.0175541383790178,0.498577897777584,"gr-ut",1,1,0,-0.485292710372634,-0.487096862235698,-0.487096862235698,-0.0115685504780978,"not chaotic",-0.485292710372634,-0.487096862235698,"not chaotic",0.868263473053892,0.623192254879124,0.353228311994037,-0.0691352366291874,-0.925763209138769
6114,0.414024310374187,0.890935777732558,"gr-log",3,4,4,0.039646396687844,0.0314479738924894,0.0314479738924894,0.00126389407073915,"chaotic",-0.42010182217449,-0.431984627530283,"not chaotic",0.698717948717949,0.198067931951049,0.389407980228112,-0.565171709296051,-0.357021932042191
6115,0.471029144179412,0.859912384187624,"gr-log",4,6,4,0.0743095662316789,0.0658029479933474,0.0658029479933474,0.00290651621286615,"chaotic",-0.481099843531201,-0.49257894657411,"not chaotic",0.881944444444444,0.410742211323637,0.206356832582295,0.00628281946233844,-0.353525172256305
6116,0.754786324919299,0.82311875350292,"gr-log",6,3,3,0.0880320126098941,0.0732470696961883,0.0732470696961883,0.00274676511360706,"chaotic",-0.272850858125822,-0.281529096742219,"not chaotic",0.846666666666667,0.201586303530908,0.272132199570831,-0.331792807627921,-0.382865379035483
6117,0.546143865955393,0.620307705958348,"fd-ut",2,1,4,-0.0213290281664914,-0.0340167083172541,-0.0340167083172541,-0.00132324995354118,"not chaotic",-0.12286529413726,-0.125244031089706,"not chaotic",0.63855421686747,0.495205474305375,0.202803514374062,0.0977105861322139,-0.37019907990234
6118,0.238617144207505,0.884331966997492,"gr-log",6,3,3,0.0787203507920982,0.0550998155141203,0.0550998155141203,0.00225909243607893,"chaotic",-0.744121462178347,-0.748659201273326,"not chaotic",0.86,0.169251149281083,0.23833045816006,-0.297876548712635,-0.288112561074587
6119,0.439554891420187,0.815736755429566,"gr-log",6,2,4,0.0862422016021019,0.0725216170544157,0.0725216170544157,0.00246573497985013,"chaotic",-0.222806483952526,-0.231623569562518,"not chaotic",0.878205128205128,0.128329412133104,0.178846790558109,-0.22221029736079,-0.283695564728138
6120,0.365354919852059,0.474542038119174,"gr-log",5,2,6,0.454397499965012,0.442283400859176,0.442283400859176,0.021256140245292,"chaotic",-0.33935119444281,-0.371025780742296,"not chaotic",0.814516129032258,0.334253882674079,0.187351278218484,-0.0329546226341493,-0.398695462376623
6121,0.276853618342923,0.556438545972621,"gr-log",5,1,2,0.357421831350112,0.333833534869794,0.333833534869794,0.0116378079146183,"chaotic",-0.612934659557332,-0.638762414607226,"not chaotic",0.791411042944785,0.515081949615398,0.0734922215024144,0.371037195470666,-0.599292966960371
6122,0.15582779898611,0.765659611010762,"fd-ut",6,4,3,0.13405552853773,0.110930375303794,0.110930375303794,0.00149447864263603,"chaotic",-1.82354309841292,-1.82354483376725,"not chaotic",0.854166666666667,0.172720729843179,0.426619639591007,-0.663453763755194,-0.797339466301671
6125,0.573623537939474,0.531049627378727,"fd-ut",2,1,1.5,-0.253312669345844,-0.261479575691991,-0.261479575691991,-0.0366071405968787,"not chaotic",-0.359030582442129,-0.361189792069291,"not chaotic",0.463855421686747,0.64744551516479,0.201107056613683,0.253275684201971,-0.436832536665062
6126,0.0115371488449425,0.461492750039891,"gr-log",5,1,8,0.684314075264409,0.67076126069563,0.67076126069563,NA,"chaotic",-0.487732026111322,-0.500914805463487,"not chaotic",0.668711656441718,0.414199617580382,0.0750687273089719,0.267064912054797,-0.959131204010028
6127,0.0668424245283867,0.530566259974637,"fd-ut",2,4,4,0.0790669163155537,0.075872846025093,0.075872846025093,0.0126707652861905,"chaotic",-0.480928469427557,-0.481359571324793,"not chaotic",0.709459459459459,0.430178819534857,0.391637424479988,-0.33743053244592,-1.20996756321626
6128,0.33778057386907,0.619199273529164,"fd-ut",1,1,4,0.519892870613247,0.50534989518777,0.50534989518777,NA,"chaotic",0.519892870613247,0.50534989518777,"chaotic",0.789156626506024,0.461118880559544,0.264689588036102,-0.0576727119912164,-0.503513887630479
6129,0.235583444233078,0.668530127579303,"fd-ut",4,6,1.5,0.0188077760331821,0.0174027221471423,0.0174027221471423,0.0174027221471423,"chaotic",-0.55818954967948,-0.560574527881672,"not chaotic",0.826388888888889,0.372800551218276,0.208300782687471,-0.0354689828491681,-0.743938777795833
6130,0.105737279241204,0.560490503101178,"gr-log",6,1,4,0.176244643403782,0.162503679798854,0.162503679798854,0.162503679798854,"chaotic",-0.219848023574481,-0.241077215899283,"not chaotic",0.611111111111111,0.339622238253879,0.0518189384578538,0.238057118876485,-0.577180086117281
6131,0.553166711501673,0.625087191329015,"gr-log",6,1,4,0.184143551287944,0.166276334324358,0.166276334324358,0.103091327281102,"chaotic",-0.215003017210032,-0.223477050156309,"not chaotic",0.604938271604938,0.391999954346481,0.0395579441405364,0.31446638383103,-0.416981730567501
6132,0.298530893210447,0.76624197792702,"fd-ut",5,2,3,0.0102304294412748,0.00761474681134802,0.00761474681134802,0.00573390434894506,"not chaotic",-0.388476174492599,-0.40802189305309,"not chaotic",0.468354430379747,0.148303711781392,0.176402215224823,-0.19744463005926,-0.482518481475423
6133,0.505221836582443,0.897814520275538,"fd-ut",6,4,4,0.0269364060812565,0.0254776029750224,0.0254776029750224,0.0152865617850134,"chaotic",0.0352896928534,0.0219446502885279,"chaotic",0.916666666666667,0.0539181795793345,0.230755511153767,-0.398362622282049,-0.340312194715979
6134,0.476807676837404,0.785552402839623,"fd-ut",6,2,3,0.0157230265186135,0.0149902301935102,0.0149902301935102,0.0157397417031857,"chaotic",-0.153838501874289,-0.158795398062888,"not chaotic",0.83974358974359,0.0833950649127765,0.151445174706842,-0.213437477512634,-0.383051989760832
6135,0.526846738005821,0.820845747806113,"gr-ut",6,1,2,0.0573618581674287,0.0413632953716384,0.0413632953716384,0.0261953749588586,"chaotic",-0.482892619636175,-0.494511278873439,"not chaotic",0.635802469135803,0.311499910253726,0.0484332130557761,0.216570812664405,-0.306260695818051
6136,0.324390923757063,0.912300795363849,"gr-log",5,3,4,0.0235166083226164,0.0102195221464298,0.0102195221464298,0.00702081171459726,"chaotic",-0.0121399984433367,-0.043838683321849,"not chaotic",0.777777777777778,0.230075904688816,0.25847513578078,-0.276535361441512,-0.254027837481999
6138,0.161815492032886,0.516486898630809,"gr-log",3,1,3,0.265460022417726,0.244694787941362,0.244694787941362,NA,"chaotic",-0.933496046190414,-0.947847753264248,"not chaotic",0.551515151515152,0.563719162247471,0.148658901736839,0.272347714843266,-1.0366760743322
6139,0.293529676519832,0.744106604053476,"gr-log",6,4,0.75,0.0227860637363018,0.0190039719153504,0.0190039719153504,NA,"chaotic",-0.700965277242901,-0.70503051459011,"not chaotic",0.743055555555556,0.0727120183295428,0.281545543683425,-0.479117247289971,-0.567083919462955
6140,0.242849235011661,0.3763237412164,"gr-log",2,1,8,0.282145386803571,0.268456855874295,0.268456855874295,NA,"chaotic",-0.639638354234933,-0.659709057960577,"not chaotic",0.608433734939759,0.647998593104755,0.212169443923425,0.232146483014842,-0.607381499940225
6141,0.155173578011934,0.369939056401108,"fd-ut",6,1,1.5,-0.148604557048786,-0.150742597315278,-0.150742597315278,NA,"not chaotic",-0.612633071793818,-0.614525272474253,"not chaotic",0.240740740740741,0.225299704630081,0.018418327752689,0.189199782234811,-0.570606324168747
6524,0.309204748892823,0.488582263261881,"gr-log",6,2,0,-0.00314005861611588,-0.011366381746858,-0.00568319087342901,-0.011366381746858,"not chaotic",-0.433145118679041,-0.443156188002253,"not chaotic",0.666666666666667,0.137157340039174,0.126470468491809,-0.110724778204772,-0.446058959955935
6525,0.415987049450831,0.154954265795246,"gr-ut",5,1,4,-0.012171508019081,-0.0350985035201324,-0.0175492517600662,-0.0350985035201324,"not chaotic",-0.584753453605345,-0.604605687124433,"not chaotic",0.537190082644628,0.282676788836788,0.0253573057356044,0.232976469595004,-0.373840164603685
6528,0.761058323656721,0.63245149013713,"fd-ut",1,3,6,0.172462686840543,0.15556481197251,0.0129637343310425,0.15556481197251,"chaotic",0.172462686840543,0.15556481197251,"chaotic",0.810810810810811,0.393854398557787,0.197603612462365,0.0065513181315513,-0.145932566382649
6529,0.968778956431283,0.134928555650364,"fd-ut",3,1,0,0.0549119808705551,0.0528994218688209,0.00440828515573508,0.0528994218688209,"chaotic",0.0542894603878686,0.0535878429724572,"chaotic",1,0.171144111611054,0.039205359528027,0.0943016069361215,0.00944419231108785
6530,0.345336215621871,0.156698226710319,"gr-ut",1,1,0,-0.55483361883238,-0.626102248572463,-0.0521751873810386,-0.521751873810386,"not chaotic",-0.55483361883238,-0.626102248572463,"not chaotic",0.222222222222222,0.466387897054829,0.178232718213083,0.117051769357185,-0.486628237077486
6768,0.189657463378821,0.254850011875632,"fd-ut",1,1,0.3,-0.461552744569884,-0.463814954646917,-0.0386512462205765,-0.0386512462205765,"not chaotic",-0.461552744569884,-0.463814954646917,"not chaotic",0,0.0994753846028361,0.0217938460362856,0.0567594463717163,-0.490183504773315
6789,0.0658635836901159,0.51663020457199,"gr-log",2,6,8,0.0170660787145495,0.01586570722474,0.01586570722474,0.571165460090639,"chaotic",-1.14688510379174,-1.15213712218063,"not chaotic",0.745945945945946,0.0594856241293351,0.0653667663079489,-0.0686332378342447,-0.977228067312731
6791,0.0096406022313813,0.458323747554586,"gr-log",2,1,6,-0.583651143833728,-0.604030097802527,-0.604030097802527,-108.725417604455,"not chaotic",-1.36823655732228,-1.3803413512325,"not chaotic",0.0923076923076923,0.0757234649914149,0.0271039525664098,0.0225997179612516,-1.2019674797986
6798,0.106611227160468,0.454273219685676,"gr-ut",5,1,0,-0.129921143717006,-0.131605971097396,-0.131605971097396,-1.57927165316876,"not chaotic",-0.258895200673792,-0.260024650966476,"not chaotic",0.416666666666667,0.183702932987524,0.00570297458292628,0.172525102804989,-0.768219293234718
6801,0.0197915601543333,0.379219036616072,"fd-ut",1,1,0,-1.55603799211955,-1.55610523359278,-1.55610523359278,-93.3663140155669,"not chaotic",-1.55603799211955,-1.55610523359278,"not chaotic",0,0.126523289538241,0.0343005406941391,0.059294229777728,-1.35819829620417
6807,0.156872936839823,0.196343010250414,"gr-log",3,1,1.5,-0.398909249602913,-0.40203294052072,-0.40203294052072,-16.0813176208288,"not chaotic",-0.511826061462376,-0.515882646916559,"not chaotic",0.283505154639175,0.264361523630691,0.0398599831994483,0.186235956559772,-0.595023277604276
6820,0.334780412626062,0.717654187325399,"fd-ut",6,4,2,0.0225484751902267,0.0205933885981948,0.0205933885981948,1.23560331589169,"chaotic",-0.212452391149729,-0.212479691784863,"not chaotic",0.832369942196532,0.105791274638305,0.341096930069476,-0.562758708297867,-0.625502025088708
6821,0.21009817175756,0.865555326353916,"fd-ut",3,6,6,0.0816585303907385,0.0672622250320446,0.0672622250320446,2.4214401011536,"chaotic",-0.0599390712894328,-0.062156905731728,"not chaotic",0.960893854748603,0.432218845318363,0.240010610524094,-0.0382019513088607,-0.39280472021856
6822,0.135497927698514,0.064115611948204,"gr-ut",6,4,4,-0.0131091125564185,-0.0153087861130376,-0.0153087861130376,-0.734821733425802,"not chaotic",-0.0667833438618512,-0.103827142531064,"not chaotic",0.416184971098266,0.0871213668687721,0.231378431613104,-0.366380359092912,-0.857530690275016
6825,0.345180854873658,0.296663942776031,"fd-ut",4,1,2,-0.146381160416694,-0.154108670438294,-0.154108670438294,-5.54791213577859,"not chaotic",-0.350364273487656,-0.35106333901706,"not chaotic",0.077720207253886,0.420861623586325,0.0669535590982201,0.289632647753813,-0.509087006312342
6832,0.24867940906805,0.747591862286927,"fd-ut",6,6,0.75,0.00161846087602057,0.000562825171894834,0.000562825171894834,0.020261706188214,"not chaotic",-0.524168754993428,-0.525945759478031,"not chaotic",0.763975155279503,0.267234874329144,0.14357837357093,-0.0141787378698782,-0.788328351081233
6837,0.0756220111206934,0.49093371285377,"fd-ut",4,2,3,-0.0200908913036324,-0.0238707703445426,-0.0238707703445426,-0.238707703445426,"not chaotic",-0.761173664188262,-0.762148761275674,"not chaotic",0.597883597883598,0.220504380162324,0.199018622743511,-0.169572120414957,-0.725149398173721
6848,0.176160155737757,0.722974933039961,"gr-log",4,6,0.75,-0.0038928287700587,-0.00492393517926992,-0.00492393517926992,-0.108326573943938,"not chaotic",-0.495776242565398,-0.498003524714213,"not chaotic",0.566473988439306,0.347161891642542,0.181302133484245,-0.00819028998657828,-0.59283741130076
6851,0.251399879819563,0.662041091942359,"fd-ut",6,4,1,0.015263855330315,0.0131231492328402,0.0131231492328402,0.183724089259762,"chaotic",-0.460008121041607,-0.461264208497349,"not chaotic",0.832369942196532,0.0814432376268378,0.350749939169136,-0.606026643144669,-0.83716194776418
6859,0.26184997635697,0.270995323399543,"gr-log",6,1,6,0.0920568101122505,0.0859785225131064,0.0859785225131064,1.20369931518349,"chaotic",-0.552622154968836,-0.556587620246271,"not chaotic",0.738219895287958,0.291780147582678,0.0234127012525894,0.245891253127603,-0.610948040481305
6860,0.0750695724813599,0.344366204721291,"fd-ut",1,1,0,-1.22236287120603,-1.22238988768145,-1.22238988768145,-58.6747146087098,"not chaotic",-1.22236287120603,-1.22238988768145,"not chaotic",0,0.176999708719035,0.251090510659724,-0.315137692174025,-0.713486767661638
7065,0.787866520206256,0.633968347141076,"gr-ut",5,3,6,0.101182055775709,0.0946476259296393,0.0946476259296393,0.0473238129648197,"chaotic",-0.0908545026017593,-0.126610342126447,"not chaotic",0.606060606060606,0.178098447795111,0.246142872502011,-0.30434158230883,-0.568917184049605
9949,0.863708702503526,0.730271208896204,"gr-log",3,2,1.5,0.0591063550344704,-0.0764809688009139,-0.00637341406674282,-0.0509873125339426,"not chaotic",-0.121090222376685,-0.206540522159526,"not chaotic",0.541666666666667,0.253263285287882,0.11412721277866,0.0295739482417083,-0.28253880363062
9950,0.2412468797284,0.309956219059446,"gr-ut",3,1,0,0.26787654339882,0.234140081927948,0.0195116734939956,0.156093387951965,"chaotic",-0.0608396615770585,-0.272922581339732,"not chaotic",0.777777777777778,0.431584253748756,0.0902652447606991,0.254664374017786,-0.525943385144037
9953,0.739346730762404,-0.118595225183904,"fd-ut",5,1,0,-0.117129199667487,-0.117752892419331,-0.00981274103494421,-0.0981274103494421,"not chaotic",-0.285097067293594,-0.285237745538436,"not chaotic",0,0.227794776037069,0.0124485847153381,0.203395549995006,-0.111027300262909
9955,0.794402798176972,0.114012035026165,"gr-log",3,1,2,-0.175736651485637,-0.187030639506967,-0.187030639506967,-0.374061279013934,"not chaotic",-0.124666540582992,-0.128548411159888,"not chaotic",0.509803921568627,0.316351704966683,0.0563190136865947,0.205966438140957,-0.161266712301608
9191,0.295480873373425,0.114601533279317,"fd-ut",1,1,0,-0.505038573187773,-0.505635144233231,-0.0421362620194359,-0.337090096155487,"not chaotic",-0.505038573187773,-0.505635144233231,"not chaotic",0,0.74763216037747,0.318241869035062,0.123878097068749,-0.350870977282731
9192,0.442805485354866,0.337589804787064,"gr-ut",1,1,8,0.257993772265145,0.16647934940999,0.0138732791174992,0.110986232939994,"chaotic",0.257993772265145,0.16647934940999,"chaotic",0.625,0.489545320422018,0.175766013427197,0.145043934104713,-0.241899006399387
9194,0.642421184577698,0.143500813718388,"gr-ut",1,1,0,-0.269536102640224,-0.304777585593007,-0.0253981321327506,-0.253981321327506,"not chaotic",-0.269536102640224,-0.304777585593007,"not chaotic",0.275862068965517,0.349731888185116,0.174420048125911,0.00786859385832989,-0.275809545215245
9200,0.095701178902292,0.550152824442032,"gr-log",1,1,0,-1.06598118034319,-1.08084249362025,-0.0900702078016879,-0.900702078016879,"not chaotic",-1.06598118034319,-1.08084249362025,"not chaotic",0.032258064516129,0.336534111158024,0.165343099360195,0.0124616364120425,-0.94835665375727
9232,0.483424708494899,0.793004203749689,"gr-ut",1,1,3,-0.320867520992775,-0.370252919184427,-0.0308544099320356,-0.246835279456285,"not chaotic",-0.320867520992775,-0.370252919184427,"not chaotic",0.5,0.393538051226395,0.22568461560929,-0.0488037953678139,-0.89597174944747
9338,0.102921157599836,0.575842852422239,"fd-ut",1,2,4,-0.341240938824777,-0.397898377030612,-0.0331581980858843,-0.331581980858843,"not chaotic",-0.341240938824777,-0.397898377030612,"not chaotic",0.428571428571429,0.319839941680973,0.224778115955718,-0.120725165592235,-0.263663567905418
9381,0.630231014765832,0.59242953863012,"gr-log",4,1,3,0.389045093325412,0.286916385597404,0.0239096987997837,0.19127759039827,"chaotic",-0.255591235464335,-0.334923824596827,"not chaotic",0.636363636363636,0.237828731199733,0.0722245781256133,0.0962685580735306,-0.55360709810054
9382,0.0362692991994928,0.150461774252595,"fd-ut",2,1,0,-0.568014141316292,-0.57062510828517,-0.0475520923570975,-0.38041673885678,"not chaotic",-1.03961357801992,-1.043750812657,"not chaotic",0,0.313629388221807,0.0992200265793348,0.11915813612631,-0.893145179865401
9391,0.813975031756209,0.0408111413526502,"fd-ut",1,1,0,-0.152360696601183,-0.153149029330368,-0.012762419110864,-0.306298058660736,"not chaotic",-0.152360696601183,-0.153149029330368,"not chaotic",0,0.206757580717146,0.123764629347314,-0.0358210928035902,-0.1853647909719
9393,0.646343834122082,-0.00929230152261695,"gr-log",2,1,0,-0.0819658436986722,-0.0888367977951304,-0.00740306648292753,-0.177673595590261,"not chaotic",-0.186630070779755,-0.188471455459385,"not chaotic",0.282608695652174,0.271739055146,0.084928646215798,0.105278908563036,-0.157952736980439
9404,0.680666882358282,0.0244639472330404,"fd-ut",1,1,0,-0.189232954092699,-0.18990442057596,-0.01582536838133,-0.316507367626601,"not chaotic",-0.189232954092699,-0.18990442057596,"not chaotic",0,0.388162796924373,0.257989999958441,-0.117497602994172,-0.187644705926522
9469,0.615217057751091,-0.028387335803004,"gr-log",1,1,0,-0.1998857341155,-0.224176636477713,-0.0186813863731427,-0.186813863731427,"not chaotic",-0.1998857341155,-0.224176636477713,"not chaotic",0.111111111111111,0.569214423584351,0.24836151558863,0.0824258530306367,-0.142495633060663
9470,0.123421588041091,0.0862429272171042,"gr-log",1,1,0,-0.405171347070325,-0.442777070329944,-0.036898089194162,-0.36898089194162,"not chaotic",0.0484241184277984,-0.016113997210182,"not chaotic",0,0.754560818678257,0.190722334540078,0.380745042979704,-0.535062096829582
9488,-0.0294336626917562,0.51050933914072,"fd-ut",2,1,0,-0.453776189947156,-0.466632544538315,-0.0388860453781929,-0.466632544538315,"not chaotic",-0.595592739353593,-0.601989139815138,"not chaotic",0,0.252168983090816,0.106928155016288,0.0425897992588912,-1.43731571105822
9489,0.616198158278822,0.493682366612524,"fd-ut",2,1,0.1,0.095044486893251,0.0936056384970344,0.00780046987475286,0.0936056384970344,"chaotic",0.167227271570422,0.162113684759725,"chaotic",0.952380952380952,0.384421245854256,0.160818592232988,0.0692168050776008,-0.271106555696079
9490,0.499446179605824,0.186925839728662,"gr-ut",3,1,1,-0.159939291921542,-0.173429658978039,-0.0144524715815032,-0.173429658978039,"not chaotic",-0.289467079504666,-0.308132823006491,"not chaotic",0.129032258064516,0.348324027087583,0.0497858151838165,0.250743829327302,-0.376687337779092
9491,0.46079100281036,0.0994529123058074,"gr-log",5,1,0,-0.0668338987045201,-0.0816750918826138,-0.00680625765688448,-0.0816750918826138,"not chaotic",-0.304804501451517,-0.310630985749305,"not chaotic",0.41025641025641,0.274320969513435,0.0137884034991719,0.247295698655058,-0.283724086994782
9492,0.760951812375306,0.315047422360746,"gr-ut",3,1,0,-0.00130178108380213,-0.0251599556652499,-0.00209666297210416,-0.0251599556652499,"not chaotic",-0.156822645943908,-0.188563290381832,"not chaotic",0.580645161290323,0.2733753729473,0.0717190425402675,0.132806049568376,-0.191860667031666
9493,0.708482055792598,0.792520332883917,"gr-ut",2,1,0,-0.160077149226102,-0.173916586726622,-0.0144930488938851,-0.173916586726622,"not chaotic",-0.247521809161057,-0.260835310347133,"not chaotic",0.351351351351351,0.342375562271479,0.0811371418440274,0.183346764257185,-0.118371726015714
9494,0.89281211393201,0.283011496450353,"gr-log",2,1,1.5,-0.104072906842224,-0.136973403603307,-0.0114144503002755,-0.136973403603307,"not chaotic",-0.162785508210784,-0.179747425803694,"not chaotic",0.648648648648649,0.354226308883649,0.0874466906913758,0.182830795128553,-0.110878422604697
9495,0.794044423881425,0.231325151456274,"gr-log",6,1,0,0.0173288218494911,-0.00155229800978222,-0.000129358167481852,-0.00155229800978222,"not chaotic",-0.156129846619721,-0.163990999464851,"not chaotic",0.605263157894737,0.269330696229503,0.0184936028481413,0.233083234647146,-0.0968441972067841
9496,0.737016244479824,0.270742944692485,"gr-log",4,1,0.1,-0.252078156409403,-0.262097225203784,-0.0218414354336487,-0.262097225203784,"not chaotic",-0.179453993436444,-0.188241235817357,"not chaotic",0.4,0.365304895365299,0.00653054831672794,0.352505020664513,-0.118540862743054
9497,0.718305865279148,0.227175414409066,"gr-log",6,1,0.75,-0.0492535770761263,-0.0694578506766154,-0.00578815422305128,-0.0694578506766154,"not chaotic",-0.138221492083253,-0.143014940184559,"not chaotic",0.575757575757576,0.2472216097063,0.00527372391512393,0.236885110832657,-0.118960198716117
9498,0.679607051391542,0.0664695955702164,"fd-ut",1,1,0,-0.255031563817313,-0.256365105567206,-0.0213637587972671,-0.256365105567206,"not chaotic",-0.255031563817313,-0.256365105567206,"not chaotic",0,0.658681372660248,0.19946211804264,0.267735621296674,-0.112215345246747
9499,0.648612857179145,0.106905194755497,"gr-ut",4,1,0,-0.216707661558799,-0.237309685716942,-0.0197758071430785,-0.237309685716942,"not chaotic",-0.260165361515045,-0.277365471002835,"not chaotic",0.0857142857142857,0.23176180267933,0.00735454564815508,0.217346893208946,-0.132094028930583
9500,0.637459760961412,0.0238186214443037,"gr-log",3,1,0.3,-0.287289957705569,-0.294009894377863,-0.0245008245314885,-0.294009894377863,"not chaotic",-0.185218709700375,-0.199979659719629,"not chaotic",0.0975609756097561,0.263912974002524,0.0313293454114857,0.202507456996012,-0.160009948341793
9501,0.441852216060204,-0.0878257195497221,"gr-log",2,1,0,-0.250504155955404,-0.274365624296337,-0.0228638020246948,-0.274365624296337,"not chaotic",-0.301671339325263,-0.36971997060726,"not chaotic",0.0540540540540541,0.364292399527812,0.0877475646144364,0.192307172883517,-0.375195838326763
9502,0.787940362785379,0.11464348329833,"gr-ut",6,1,0,-0.00456454726873971,-0.0146440531844746,-0.00122033776537289,-0.0146440531844746,"not chaotic",-0.152524949968502,-0.161021058532061,"not chaotic",0.636363636363636,0.0988661208740224,0.00532950990468753,0.0884202814608348,-0.0734642949685777
9503,0.477900778112278,0.149711791271658,"gr-ut",2,1,0,-0.307860037298732,-0.327773623531501,-0.027314468627625,-0.327773623531501,"not chaotic",-0.0899594472250102,-0.198698276851512,"not chaotic",0.15625,0.334076102317309,0.0773801260535203,0.182411055252409,-0.23364432198149
9517,0.00566479289771649,0.611472857471831,"fd-ut",2,6,0,-0.118331439207748,-0.118801278142132,-0.00990010651184434,-0.00495005325592217,"not chaotic",-0.280799474208258,-0.281001909287403,"not chaotic",0,0.400366158330673,0.223200092783396,-0.0371060235247836,-1.90929916230865
9518,0.166634196645519,0.303658698362167,"gr-ut",1,1,0.75,-0.716407991729473,-0.779170961570303,-0.0649309134641919,-0.0259723653856768,"not chaotic",-0.716407991729473,-0.779170961570303,"not chaotic",0.164179104477612,0.74346416186548,0.368420134371806,0.0213606984967403,-1.25845308553251
9519,0.696671516603864,0.146215421071866,"fd-ut",6,1,2,-0.0250857020928149,-0.0318860940119512,-0.00265717450099594,-0.00478291410179268,"not chaotic",0.0541923391577172,0.0316865151723424,"chaotic",0.557377049180328,0.181068533445356,0.0123264631753928,0.156908665621586,-0.182679421139678
9586,0.562440468606472,0.639019079716902,"gr-log",6,2,6,0.251532950982044,0.221683206274734,0.0184736005228945,0.147788804183156,"chaotic",-0.336340069219149,-0.338259231177905,"not chaotic",0.770833333333333,-0.057916908188859,0.0289543041513602,-0.114667344325525,-0.286117886956495
9598,0.79154033186527,-0.0190486789319346,"gr-log",6,1,3,0.169671342153709,0.158078766341643,0.0131732305284703,NA,"chaotic",-0.277316575650061,-0.278519872155515,"not chaotic",0.590909090909091,0.134890512916415,0.0137140496516402,0.1080109755992,-0.295821537762913
9612,0.39810887625795,0.384987461974826,"fd-ut",1,1,4,0.703078047120738,0.687936602106457,0.057328050175538,0.458624401404304,"chaotic",0.703078047120738,0.687936602106457,"chaotic",0.932203389830508,0.499109411992375,0.215649063899496,0.076437246749363,-0.593859483890371
9643,0.497284037817398,0.609644190361962,"fd-ut",2,1,2,0.0673859236273384,0.035729755024348,0.00297747958536234,0.00595495917072467,"chaotic",-0.62721078815795,-0.708537130335761,"not chaotic",0.5,0.478430877391355,0.0595017306120884,0.361807485391662,-1.36415616851332
9646,0.918104920370573,0.634726821590066,"gr-log",3,1,1.5,-0.228203102117747,-0.412349071947662,-0.0343624226623051,-0.0687248453246103,"not chaotic",-0.227289772628961,-0.297394207189728,"not chaotic",0.6,0.210347205304224,0.0567648567891924,0.0990880859974073,-0.409446703263453
9685,0.556645345058137,0.0148844726559523,"fd-ut",4,2,0.5,-0.0459020485295491,-0.0535387654847052,-0.0044615637903921,-0.00147231605082939,"not chaotic",-0.115123200220433,-0.115895437437657,"not chaotic",0,0.14520994380205,0.169797862309414,-0.187593866324401,-1.69018683366927
9686,0.645545956868656,0.124065308122804,"fd-ut",3,1,0,-0.0651928343056757,-0.066027921529589,-0.00550232679413241,-0.0013755816985331,"not chaotic",0.0873980271306918,0.0694887182257926,"chaotic",0,0.338773983015465,0.0875085354008009,0.167257253629895,-0.229240476424484
9688,0.316081505087841,0.336074233871886,"fd-ut",1,1,2,0.643848277709357,0.630722584941818,0.0525602154118181,0.420481723294545,"chaotic",0.643848277709357,0.630722584941818,"chaotic",0.76271186440678,0.184333876461201,0.111220232998347,-0.0336577802155582,-0.578895212060581
9689,0.766896627108961,0.531343029147956,"gr-log",3,2,0.75,-0.130362539567249,-0.157313255597999,-0.0131094379664999,-0.104875503731999,"not chaotic",-0.368612333730197,-0.395534187413923,"not chaotic",0.463414634146341,0.239992630003855,0.0547764993862793,0.132630691206747,-0.221090885488308
9690,0.786769335485648,0.720777653202172,"gr-ut",3,1,1.5,-0.00397859228791982,-0.0246948469417729,-0.00205790391181441,-0.0164632312945153,"not chaotic",-0.158885821242301,-0.16404847507929,"not chaotic",0.851851851851852,0.40584250411038,0.0901177853557305,0.229211644813148,-0.278290301337857
9691,0.114729755013256,0.212029534835633,"gr-ut",2,1,0,-0.189690372945729,-0.335986557470456,-0.0279988797892047,-0.223991038313638,"not chaotic",-0.254163997870628,-0.398428596661481,"not chaotic",0.745454545454545,0.573290512565434,0.228394010227545,0.125638252519446,-0.391604106268578
9791,0.348234896271516,0.475790430741184,"fd-ut",1,4,1.5,-0.266054787968949,-0.290935012146815,-0.0484891686911358,-0.0969783373822716,"not chaotic",-0.266054787968949,-0.290935012146815,"not chaotic",0.194444444444444,0.379984342376476,0.258646756810997,-0.126963300973078,-1.55856540245877
9792,0.0292507457652522,0.625614283460629,"fd-ut",1,2,8,0.389562526968736,0.378078416482273,0.0630130694137122,0.252052277654849,"chaotic",0.389562526968736,0.378078416482273,"chaotic",0.815789473684211,0.592721101994364,0.303822209794692,-0.00277042920323223,-3.53852221928848
9793,0.198459399418929,0.516606657974855,"gr-ut",2,4,0,-0.0136141841247975,-0.0316558921922457,-0.00263799101602047,-0.0316558921922457,"not chaotic",-0.106559510038625,-0.118696805295071,"not chaotic",0.453125,0.301454438049238,0.309553282567814,-0.305269995783677,-1.19406829249109
9794,0.211115406325886,0.265600840714806,"fd-ut",1,1,1,-0.591635660055074,-0.64861965924523,-0.0540516382704359,-0.540516382704359,"not chaotic",-0.591635660055074,-0.64861965924523,"not chaotic",0,0.403614630413525,0.252584401778417,-0.0914507970721722,-0.89065725333267
9795,0.0541706496881407,0.339484451041966,"gr-ut",1,1,0,-1.21161515413769,-1.34732625570846,-0.112277187975705,-1.57188063165987,"not chaotic",-1.21161515413769,-1.34732625570846,"not chaotic",0,0.462693818329559,0.254255859657902,-0.035647666599929,-1.34621520289612
9796,0.115370425822692,0.241352346765555,"gr-log",1,1,0,-0.849806072945891,-0.871209100311932,-0.0726007583593277,-0.726007583593277,"not chaotic",-0.849806072945891,-0.871209100311932,"not chaotic",0,0.356255582833233,0.330988871982809,-0.292482606253072,-0.847270533010343
9797,0.0757008944496201,0.230358016377206,"gr-ut",1,1,0,-0.969939706990959,-1.05519002073502,-0.087932501727918,-0.87932501727918,"not chaotic",-0.31221785911588,-0.342243299650255,"not chaotic",0,0.423031758262987,0.250964741754566,-0.068859135575962,-1.00656735371838
9833,0.950196399999982,0.0194767476604536,"gr-ut",1,1,0,-0.0360572402018866,-0.0371380428051376,-0.0371380428051376,-0.297104342441101,"not chaotic",-0.0360572402018866,-0.0371380428051376,"not chaotic",0.277310924369748,0.419466089076976,0.114522793525563,0.195001413766873,-0.0619927338383289
9834,0.968740935840309,0.240056189185333,"gr-log",2,1,0,-0.0412630808825702,-0.0425853273183453,-0.0425853273183453,-0.340682618546763,"not chaotic",-0.0179165944814588,-0.0184442559445452,"not chaotic",0.127118644067797,0.356758408081658,0.064669780374111,0.230005638548401,-0.0445418641515352
9893,0.205386504802353,0.704987115857773,"fd-ut",1,2,6,0.215800666594894,0.182233534032849,0.0151861278360708,0.182233534032849,"chaotic",0.215800666594894,0.182233534032849,"chaotic",0.676470588235294,0.327542930125792,0.25480989818558,-0.171884470317944,-1.24929440240872
9894,0.194254411689245,0.760887051799705,"fd-ut",1,2,0,-0.297406813510982,-0.300760270374741,-0.0250633558645618,-0.100253423458247,"not chaotic",-0.297406813510982,-0.300760270374741,"not chaotic",0,0.403554991316033,0.204841730726534,0.00206519909202579,-0.789714297649659
9917,-0.025030046311636,0.488194541922725,"gr-ut",1,1,0,-2.91857691068298,-2.93960802099937,-0.489934670166561,-0.489934670166561,"not chaotic",-2.91857691068298,-2.93960802099937,"not chaotic",0.851063829787234,-0.359814228223494,0.311384301406437,-0.970127458980111,0.203076697514679
9918,-0.0221967740346292,0.3133905125779,"gr-log",1,1,0,-1.49764547897981,-1.60570111453313,-0.267616852422188,-0.267616852422188,"not chaotic",-1.49764547897981,-1.60570111453313,"not chaotic",0.680851063829787,-1.01558690610544,0.383676935479909,-1.76759369964607,0.213670774113361
9919,0.0294662077766792,0.486704908015299,"gr-log",5,1,8,2.33912879177785,2.03427186738886,0.339045311231476,1.35618124492591,"chaotic",0.593942428268927,0.390149978137652,"chaotic",0.853658536585366,0.718314388308872,0.272740488494412,0.183743030859825,-1.36675916099408
9920,0.803856076145473,0.490591966114966,"gr-log",2,2,8,1.08569175268097,1.02530347567008,0.170883912611679,0.683535650446718,"chaotic",-0.66209363989194,-0.669887015275639,"not chaotic",0.738095238095238,1.09336585317328,0.284332837647121,0.536073491384927,0.612156678131741
9921,0.16057103397401,0.66962709169187,"gr-log",2,4,4,0.996146411722605,0.740022871946646,0.123337145324441,0.493348581297764,"chaotic",-1.16150207888297,-1.66090113835043,"not chaotic",0.789473684210526,2.1830673582399,1.60009788135835,-0.953124489222473,-0.182715902587728
9923,0.67289593905451,0.364582658033072,"gr-ut",2,3,4,0.0459745129275421,0.0217922324119538,0.00363203873532564,0.00363203873532564,"chaotic",-0.0964599740958003,-0.122373085080139,"not chaotic",0.741935483870968,0.223507995507801,0.130808879487102,-0.0328774082869193,-1.14403063177723
